{"cameraMode":{"drawMode":0,"name":"Shaded","section":"Shading Mode"},"sceneLighting":true,"audioPlay":false,"sceneViewState":{"showFog":true,"showMaterialUpdate":true,"showSkybox":true,"showFlares":true,"showImageEffects":true,"showParticleSystems":true},"in2DMode":false,"pivot":{"x":-2.9272356033325197,"y":-8.52912712097168,"z":6.902488708496094},"rotation":{"x":0.25366833806037905,"y":-0.014508801512420178,"z":0.0038053500466048719,"w":0.9671759009361267},"size":28.9263973236084,"orthographic":false}